{"cameraMode":{"drawMode":0,"name":"Shaded","section":"Shading Mode"},"sceneLighting":false,"audioPlay":false,"sceneViewState":{"showFog":true,"showMaterialUpdate":false,"showSkybox":false,"showFlares":true,"showImageEffects":true,"showParticleSystems":true},"in2DMode":false,"pivot":{"x":0.0,"y":0.0008267909288406372,"z":0.031235337257385255},"rotation":{"x":-0.07015503197908402,"y":0.009278811514377594,"z":-0.0006389114423654974,"w":-0.9975921511650086},"size":1.8787837028503419,"orthographic":false}