{"cameraMode":{"drawMode":0,"name":"Shaded","section":"Shading Mode"},"sceneLighting":false,"audioPlay":false,"sceneViewState":{"showFog":true,"showMaterialUpdate":false,"showSkybox":false,"showFlares":true,"showImageEffects":true,"showParticleSystems":true},"in2DMode":false,"pivot":{"x":1.7921183109283448,"y":4.005496978759766,"z":0.08813972771167755},"rotation":{"x":-0.07277575135231018,"y":-0.045468274503946307,"z":0.003317085560411215,"w":-0.9964049458503723},"size":2.5441479682922365,"orthographic":false}