{"cameraMode":{"drawMode":0,"name":"Shaded","section":"Shading Mode"},"sceneLighting":false,"audioPlay":false,"sceneViewState":{"showFog":true,"showMaterialUpdate":false,"showSkybox":false,"showFlares":true,"showImageEffects":true,"showParticleSystems":true},"in2DMode":false,"pivot":{"x":-0.9150946140289307,"y":4.4012651443481449,"z":0.13335847854614259},"rotation":{"x":-0.11323757469654083,"y":0.5441833138465881,"z":-0.0744219422340393,"w":-0.828071117401123},"size":1.3787567615509034,"orthographic":false}